{"cameraMode":{"drawMode":0,"name":"Shaded","section":"Shading Mode"},"sceneLighting":false,"audioPlay":false,"sceneViewState":{"showFog":true,"showMaterialUpdate":false,"showSkybox":false,"showFlares":true,"showImageEffects":true,"showParticleSystems":true},"in2DMode":false,"pivot":{"x":299.6000061035156,"y":447.915771484375,"z":0.0},"rotation":{"x":-0.13931766152381898,"y":0.022869491949677469,"z":-0.0032181995920836927,"w":-0.9899803996086121},"size":543.5233764648438,"orthographic":false}